{
  "trainingPhrases": [ {
    "parts": [ {
      "text": "Dónde es"
    } ],
    "repeatCount": 1,
    "languageCode": "es"
  }, {
    "parts": [ {
      "text": "donde queda"
    } ],
    "repeatCount": 1,
    "languageCode": "es"
  }, {
    "parts": [ {
      "text": "como comprar"
    } ],
    "repeatCount": 1,
    "languageCode": "es"
  }, {
    "parts": [ {
      "text": "donde esta la tienda online"
    } ],
    "repeatCount": 1,
    "languageCode": "es"
  }, {
    "parts": [ {
      "text": "donde esta la tienda fisica"
    } ],
    "repeatCount": 1,
    "languageCode": "es"
  } ]
}
