{
  "trainingPhrases": [ {
    "id": "44e72d45-a229-4057-8ddd-e058b49d4337",
    "parts": [ {
      "text": "hola"
    } ],
    "repeatCount": 1,
    "languageCode": "es"
  }, {
    "id": "5fa5badf-2dd5-40e3-aaa5-d1cc505ebf3c",
    "parts": [ {
      "text": "hey"
    } ],
    "repeatCount": 1,
    "languageCode": "es"
  }, {
    "id": "335eb231-8ace-4f94-a6b1-600b445a552c",
    "parts": [ {
      "text": "saludos"
    } ],
    "repeatCount": 1,
    "languageCode": "es"
  }, {
    "id": "4266fa47-8f14-4974-8540-c4dd77cb3411",
    "parts": [ {
      "text": "hey ho"
    } ],
    "repeatCount": 1,
    "languageCode": "es"
  }, {
    "id": "07fe47f3-144a-4e5f-b4f0-526629ba130a",
    "parts": [ {
      "text": "chao"
    } ],
    "repeatCount": 1,
    "languageCode": "es"
  } ]
}
