{
  "trainingPhrases": [ {
    "parts": [ {
      "text": "olar"
    }, {
      "text": " como vai?"
    } ],
    "repeatCount": 1,
    "languageCode": "pt-br"
  }, {
    "parts": [ {
      "text": "oie tudo "
    }, {
      "text": "bem"
    }, {
      "text": "?"
    } ],
    "repeatCount": 1,
    "languageCode": "pt-br"
  }, {
    "parts": [ {
      "text": "pode me ajudar?"
    } ],
    "repeatCount": 1,
    "languageCode": "pt-br"
  }, {
    "parts": [ {
      "text": "olar"
    } ],
    "repeatCount": 1,
    "languageCode": "pt-br"
  }, {
    "parts": [ {
      "text": "oie"
    } ],
    "repeatCount": 1,
    "languageCode": "pt-br"
  }, {
    "id": "b584fc15-bff1-4779-b13f-121d3f1dd196",
    "parts": [ {
      "text": "há quanto tempo"
    } ],
    "repeatCount": 1,
    "languageCode": "pt-br"
  }, {
    "id": "7925d352-4061-4784-afe4-0877e882e5ea",
    "parts": [ {
      "text": "olá"
    } ],
    "repeatCount": 1,
    "languageCode": "pt-br"
  }, {
    "id": "b1e0c3b8-6fcd-482b-8a83-146b5ca74821",
    "parts": [ {
      "text": "oi"
    } ],
    "repeatCount": 1,
    "languageCode": "pt-br"
  }, {
    "id": "ee69dfd8-a6fb-40de-b53a-e2044608398f",
    "parts": [ {
      "text": "opa"
    } ],
    "repeatCount": 1,
    "languageCode": "pt-br"
  }, {
    "id": "b8b433e6-bdf8-45e9-9174-e3a5be120a5f",
    "parts": [ {
      "text": "fala aí"
    } ],
    "repeatCount": 1,
    "languageCode": "pt-br"
  }, {
    "id": "130c4fcc-0049-4f7d-abe7-d53c1585db42",
    "parts": [ {
      "text": "fala"
    } ],
    "repeatCount": 1,
    "languageCode": "pt-br"
  }, {
    "id": "5f73419e-1672-4405-a5b5-7e33f8f416bf",
    "parts": [ {
      "text": "saudações"
    } ],
    "repeatCount": 1,
    "languageCode": "pt-br"
  }, {
    "id": "cabb567c-2162-45d8-a505-2a432cce1256",
    "parts": [ {
      "text": "oi tudo bem"
    } ],
    "repeatCount": 1,
    "languageCode": "pt-br"
  }, {
    "id": "03d66e30-e194-48dc-948e-3c174d6f7d6a",
    "parts": [ {
      "text": "e aí"
    } ],
    "repeatCount": 1,
    "languageCode": "pt-br"
  }, {
    "id": "0a98afe3-e435-456c-b3a3-d93345671b4f",
    "parts": [ {
      "text": "eae"
    } ],
    "repeatCount": 1,
    "languageCode": "pt-br"
  } ]
}
