{
  "trainingPhrases": [ {
    "parts": [ {
      "text": "que tipos de flores hay disponibles"
    } ],
    "repeatCount": 1,
    "languageCode": "es"
  }, {
    "parts": [ {
      "text": "que flores tienes"
    } ],
    "repeatCount": 1,
    "languageCode": "es"
  }, {
    "parts": [ {
      "text": "tipos de flores disponibles"
    } ],
    "repeatCount": 1,
    "languageCode": "es"
  }, {
    "parts": [ {
      "text": "Quiero comprar flores, ¿cuáles puedo comprar?"
    } ],
    "repeatCount": 1,
    "languageCode": "es"
  }, {
    "parts": [ {
      "text": "que flores hay disponibles"
    } ],
    "repeatCount": 1,
    "languageCode": "es"
  }, {
    "parts": [ {
      "text": "¿Qué flores hay disponibles para comprar?"
    } ],
    "repeatCount": 1,
    "languageCode": "es"
  } ]
}
